variant,m,d,D,k,n,depth,beta,ridge,gates,runs,sketch_s,tree_s,execute_s,prove_s,prover_total_s,verify_s,proof_bytes,mse_cert
dense,1,2,3,,10,,2567493398971201661011983131,1e-08,5040,5,0.08260854199761525,,0.08829266700195149,0.2568420000607148,0.6143009579973295,0.02186191699001938,14592,0.023157880196395503
dense,1,2,3,,19,,1862655483267835480688566114,1e-08,5034,5,0.08252395800082013,,0.08677295898087323,0.27155391697306186,0.6116998749785125,0.021959500038065016,14592,0.03078099706108918
dense,1,2,3,,38,,1317096323232992276802546336,1e-08,5034,5,0.08390379202319309,,0.08741883398033679,0.2564571250695735,0.629797583038453,0.021924500004388392,14592,0.022483002518801126
dense,1,2,3,,74,,943829344526478996412331215,1e-08,5028,5,0.08195383299607784,,0.08650158403906971,0.25551091600209475,0.6131717909593135,0.02182554209139198,14592,0.024329051641257052
dense,1,2,3,,144,,676593918183034234950269482,1e-08,5028,5,0.08342012501088902,,0.08721479203086346,0.25986945803742856,0.616847625002265,0.02175279101356864,14592,0.032730045980249325
dense,1,2,3,,281,,484346511124482928428267016,1e-08,5016,5,0.08506387495435774,,0.08637874998385087,0.2568762080045417,0.6184824590454809,0.021737958071753383,14592,0.03661526520721636
dense,1,2,3,,548,,346831917098557758198804837,1e-08,5016,5,0.08586375002050772,,0.08704104198841378,0.2593383339699358,0.6276885420084,0.021868832991458476,14592,0.04437464695676115
dense,1,2,3,,1067,,248557645294423172660448838,1e-08,5010,5,0.08966504101408646,,0.08658637496409938,0.2541672920342535,0.6189240830135532,0.02171770902350545,14592,0.042281614846199696
dense,1,2,3,,2080,,178023636527038255469610211,1e-08,5010,5,0.10826475004432723,,0.08999520802171901,0.26340033300220966,0.655254542012699,0.021672707982361317,14592,0.04382101781114997
dense,1,2,3,,4054,,127516816981622285943627530,1e-08,5004,5,0.11148441699333489,,0.0857878330280073,0.255420416011475,0.642135625006631,0.021913499920628965,14592,0.04102023265851668
dense,1,2,3,,7900,,91347315742543673435268672,1e-08,5004,5,0.1398652079515159,,0.08666149998316541,0.25826037500519305,0.6760467919521034,0.021985666011460125,14592,0.04117047183166538
dense,1,2,3,,15394,,65438539000261100488853351,1e-08,4992,5,0.1933952079853043,,0.08659491699654609,0.25998183304909617,0.730513125017751,0.02167324989568442,14592,0.0416479952905806
dense,1,2,3,,30000,,46875801695404613493873141,1e-08,4992,5,0.2984899999573827,,0.08725141698960215,0.263404208002612,0.8341580830165185,0.02190270891878754,14592,0.04146179742190877
